{"chunk_definitions":[{"row":20,"row_count":1,"visible":true,"expansion_state":0,"options":{"engine":"r","label":"unnamed-chunk-3"},"document_id":"E662993F","chunk_id":"ccveg02szaon9","chunk_label":"unnamed-chunk-1"},{"row":27,"row_count":1,"visible":true,"expansion_state":0,"options":{"engine":"r","label":"unnamed-chunk-5"},"document_id":"E662993F","chunk_id":"c8afygigosv3m","chunk_label":"unnamed-chunk-2"},{"row":33,"row_count":1,"visible":true,"expansion_state":0,"options":{"engine":"r","label":"unnamed-chunk-5"},"document_id":"E662993F","chunk_id":"c3bzyuf5kbea3","chunk_label":"unnamed-chunk-3"},{"row":39,"row_count":1,"visible":true,"expansion_state":0,"options":{"engine":"r","label":"unnamed-chunk-23"},"document_id":"E662993F","chunk_id":"c2mc596b8mdrp","chunk_label":"unnamed-chunk-4"},{"row":49,"row_count":1,"visible":true,"expansion_state":0,"options":{"engine":"r","label":"unnamed-chunk-24"},"document_id":"E662993F","chunk_id":"cigmjcgqfb6tq","chunk_label":"unnamed-chunk-5"},{"row":56,"row_count":1,"visible":true,"expansion_state":0,"options":{"engine":"r","label":"unnamed-chunk-25"},"document_id":"E662993F","chunk_id":"cbm8rx49xzwws","chunk_label":"unnamed-chunk-6"},{"row":62,"row_count":1,"visible":true,"expansion_state":0,"options":{"engine":"r","label":"unnamed-chunk-1"},"document_id":"E662993F","chunk_id":"cg1j4qgeejvkb","chunk_label":"unnamed-chunk-7"},{"row":71,"row_count":1,"visible":true,"expansion_state":0,"options":{"engine":"r","label":"unnamed-chunk-3"},"document_id":"E662993F","chunk_id":"cwa7clu18o0xb","chunk_label":"unnamed-chunk-8"},{"row":77,"row_count":1,"visible":true,"expansion_state":0,"options":{"engine":"r","label":"unnamed-chunk-5"},"document_id":"E662993F","chunk_id":"clx4nse03cyu7","chunk_label":"unnamed-chunk-9"},{"row":85,"row_count":1,"visible":true,"expansion_state":0,"options":{"engine":"r","label":"unnamed-chunk-6"},"document_id":"E662993F","chunk_id":"cs550d25rlekl","chunk_label":"unnamed-chunk-10"},{"row":89,"row_count":1,"visible":true,"expansion_state":0,"options":{"engine":"r","label":"unnamed-chunk-7"},"document_id":"E662993F","chunk_id":"c4i541lwci57a","chunk_label":"unnamed-chunk-11"},{"row":99,"row_count":1,"visible":true,"expansion_state":0,"options":{"engine":"r","label":"unnamed-chunk-10"},"document_id":"E662993F","chunk_id":"cf1bxnpa1szar","chunk_label":"unnamed-chunk-12"},{"row":104,"row_count":1,"visible":true,"expansion_state":0,"options":{"engine":"r","label":"unnamed-chunk-11"},"document_id":"E662993F","chunk_id":"c6cmiulamju68","chunk_label":"unnamed-chunk-13"},{"row":116,"row_count":1,"visible":true,"expansion_state":0,"options":{"engine":"r","label":"unnamed-chunk-12"},"document_id":"E662993F","chunk_id":"cuyq5xw9n537v","chunk_label":"unnamed-chunk-14"},{"row":123,"row_count":1,"visible":true,"expansion_state":0,"options":{"engine":"r","label":"unnamed-chunk-13"},"document_id":"E662993F","chunk_id":"c8jpdiu13ne3b","chunk_label":"unnamed-chunk-15"},{"row":130,"row_count":1,"visible":true,"expansion_state":0,"options":{"engine":"r","label":"unnamed-chunk-14"},"document_id":"E662993F","chunk_id":"c6weu0p5waa5d","chunk_label":"unnamed-chunk-16"},{"row":139,"row_count":1,"visible":true,"expansion_state":0,"options":{"engine":"r","label":"unnamed-chunk-15"},"document_id":"E662993F","chunk_id":"cmj4yz4u7jxfs","chunk_label":"unnamed-chunk-17"},{"row":148,"row_count":1,"visible":true,"expansion_state":0,"options":{"engine":"r","label":"unnamed-chunk-16"},"document_id":"E662993F","chunk_id":"c3exsblazizqn","chunk_label":"unnamed-chunk-18"},{"row":153,"row_count":1,"visible":true,"expansion_state":0,"options":{"engine":"r","label":"unnamed-chunk-17"},"document_id":"E662993F","chunk_id":"cujnnmli6m2hy","chunk_label":"unnamed-chunk-19"},{"row":164,"row_count":1,"visible":true,"expansion_state":0,"options":{"engine":"r","label":"unnamed-chunk-19"},"document_id":"E662993F","chunk_id":"c1e1qozsvotv5","chunk_label":"unnamed-chunk-20"},{"row":178,"row_count":1,"visible":true,"expansion_state":0,"options":{"engine":"r","label":"unnamed-chunk-23"},"document_id":"E662993F","chunk_id":"c56rl593mrvkw","chunk_label":"unnamed-chunk-21"},{"row":200,"row_count":1,"visible":true,"expansion_state":0,"options":{"engine":"r","label":"unnamed-chunk-4"},"document_id":"E662993F","chunk_id":"cqk52wt087pkk","chunk_label":"unnamed-chunk-22"},{"row":206,"row_count":1,"visible":true,"expansion_state":0,"options":{"engine":"r","label":"unnamed-chunk-3"},"document_id":"E662993F","chunk_id":"cd9ssv49a1d5o","chunk_label":"unnamed-chunk-23"},{"row":215,"row_count":1,"visible":true,"expansion_state":0,"options":{"engine":"r","label":"unnamed-chunk-7"},"document_id":"E662993F","chunk_id":"czk75r1owaogs","chunk_label":"unnamed-chunk-24"},{"row":219,"row_count":1,"visible":true,"expansion_state":0,"options":{"engine":"r","label":"unnamed-chunk-8"},"document_id":"E662993F","chunk_id":"ce0gvo4vyz5j4","chunk_label":"unnamed-chunk-25"},{"row":228,"row_count":1,"visible":true,"expansion_state":0,"options":{"engine":"r","label":"unnamed-chunk-9"},"document_id":"E662993F","chunk_id":"c9moh4g3fngjp","chunk_label":"unnamed-chunk-26"},{"row":233,"row_count":1,"visible":true,"expansion_state":0,"options":{"engine":"r","label":"unnamed-chunk-11"},"document_id":"E662993F","chunk_id":"cq3rkjk1nl3mg","chunk_label":"unnamed-chunk-27"},{"row":242,"row_count":1,"visible":true,"expansion_state":0,"options":{"engine":"r","label":"unnamed-chunk-12"},"document_id":"E662993F","chunk_id":"c0uc8ue4dmkwa","chunk_label":"unnamed-chunk-28"},{"row":247,"row_count":1,"visible":true,"expansion_state":0,"options":{"engine":"r","label":"unnamed-chunk-13"},"document_id":"E662993F","chunk_id":"ch1x0ruox63mn","chunk_label":"unnamed-chunk-29"},{"row":253,"row_count":1,"visible":true,"expansion_state":0,"options":{"engine":"r","label":"unnamed-chunk-14"},"document_id":"E662993F","chunk_id":"cgxwaq9strzqf","chunk_label":"unnamed-chunk-30"},{"row":259,"row_count":1,"visible":true,"expansion_state":0,"options":{"engine":"r","label":"unnamed-chunk-15"},"document_id":"E662993F","chunk_id":"c8pfvgfo6fmrx","chunk_label":"unnamed-chunk-31"},{"row":271,"row_count":1,"visible":true,"expansion_state":0,"options":{"engine":"r","label":"unnamed-chunk-18"},"document_id":"E662993F","chunk_id":"cry2z9z805j30","chunk_label":"unnamed-chunk-32"}],"doc_write_time":1703135683}