{"chunk_definitions":[{"chunk_id":"cbv5dgcfu37vw","expansion_state":0,"options":[],"row":19,"row_count":1,"visible":true},{"chunk_id":"coz6i7kf82y3d","expansion_state":0,"options":[],"row":25,"row_count":1,"visible":true},{"chunk_id":"coolo44rq3vfh","expansion_state":0,"options":[],"row":35,"row_count":1,"visible":true},{"chunk_id":"cms08cka069j9","expansion_state":0,"options":[],"row":42,"row_count":1,"visible":true},{"chunk_id":"cf4dyo83mtjk8","expansion_state":0,"options":[],"row":55,"row_count":1,"visible":true},{"chunk_id":"cddwn1n3voup4","expansion_state":0,"options":[],"row":67,"row_count":1,"visible":true},{"chunk_id":"c9kgv6vg4uvtp","expansion_state":0,"options":[],"row":74,"row_count":1,"visible":true},{"chunk_id":"c2zkppvlkmrok","expansion_state":0,"options":[],"row":82,"row_count":1,"visible":true},{"chunk_id":"czwguo1at6u0s","expansion_state":0,"options":[],"row":98,"row_count":1,"visible":true},{"chunk_id":"cmd3h0tp4k9y0","expansion_state":0,"options":[],"row":133,"row_count":1,"visible":true},{"chunk_id":"c5r1f0h78pgny","expansion_state":0,"options":[],"row":156,"row_count":1,"visible":true},{"chunk_id":"cotwx90gmy9ra","expansion_state":0,"options":[],"row":188,"row_count":1,"visible":true},{"chunk_id":"cbx6w1uh0m8jz","expansion_state":0,"options":[],"row":201,"row_count":1,"visible":true},{"chunk_id":"cstf8u3hi1v3k","expansion_state":0,"options":[],"row":227,"row_count":1,"visible":true},{"chunk_id":"c94om25r56que","expansion_state":0,"options":[],"row":251,"row_count":1,"visible":true},{"chunk_id":"c4m72lx54rovu","expansion_state":0,"options":[],"row":264,"row_count":1,"visible":true},{"chunk_id":"cp0c6h5twyxvb","expansion_state":0,"options":[],"row":271,"row_count":1,"visible":true},{"chunk_id":"c79j875q5hewm","expansion_state":0,"options":[],"row":295,"row_count":1,"visible":true},{"chunk_id":"cyy8pdqov4fiw","expansion_state":0,"options":[],"row":300,"row_count":1,"visible":true},{"chunk_id":"civ4zinn8ebug","expansion_state":0,"options":[],"row":310,"row_count":1,"visible":true},{"chunk_id":"c4mtmysa1o9mv","expansion_state":0,"options":[],"row":318,"row_count":1,"visible":true}],"doc_write_time":1702593015.247}
