{"chunk_definitions":[{"row":19,"row_count":1,"visible":true,"expansion_state":0,"options":{"engine":"r","label":"unnamed-chunk-68"},"document_id":"CA1082AF","chunk_id":"crd7fk1qlpi3y","chunk_label":"unnamed-chunk-1"},{"row":25,"row_count":1,"visible":true,"expansion_state":0,"options":{"engine":"r","label":"unnamed-chunk-69"},"document_id":"CA1082AF","chunk_id":"cr7j1dqzgjsks","chunk_label":"unnamed-chunk-2"},{"row":35,"row_count":1,"visible":true,"expansion_state":0,"options":{"engine":"r","label":"unnamed-chunk-70"},"document_id":"CA1082AF","chunk_id":"cnx7nkz1ws0bc","chunk_label":"unnamed-chunk-3"},{"row":42,"row_count":1,"visible":true,"expansion_state":0,"options":{"engine":"r","label":"unnamed-chunk-71"},"document_id":"CA1082AF","chunk_id":"cze1pwifl0qj2","chunk_label":"unnamed-chunk-4"},{"row":55,"row_count":1,"visible":true,"expansion_state":0,"options":{"engine":"r","label":"unnamed-chunk-72"},"document_id":"CA1082AF","chunk_id":"ci4hmsowg97g9","chunk_label":"unnamed-chunk-5"},{"row":67,"row_count":1,"visible":true,"expansion_state":0,"options":{"engine":"r","label":"unnamed-chunk-76"},"document_id":"CA1082AF","chunk_id":"cw8wwduae09lj","chunk_label":"unnamed-chunk-6"},{"row":74,"row_count":1,"visible":true,"expansion_state":0,"options":{"engine":"r","label":"unnamed-chunk-77"},"document_id":"CA1082AF","chunk_id":"ca0ch1d3vgw2d","chunk_label":"unnamed-chunk-7"},{"row":82,"row_count":1,"visible":true,"expansion_state":0,"options":{"engine":"r","label":"unnamed-chunk-78"},"document_id":"CA1082AF","chunk_id":"c0kv9dzxffb8h","chunk_label":"unnamed-chunk-8"},{"row":98,"row_count":1,"visible":true,"expansion_state":0,"options":{"engine":"r","label":"unnamed-chunk-79"},"document_id":"CA1082AF","chunk_id":"cr6et0bba7770","chunk_label":"unnamed-chunk-9"},{"row":133,"row_count":1,"visible":true,"expansion_state":0,"options":{"engine":"r","label":"unnamed-chunk-80"},"document_id":"CA1082AF","chunk_id":"cgz2bsnwd7n6n","chunk_label":"unnamed-chunk-10"},{"row":156,"row_count":1,"visible":true,"expansion_state":0,"options":{"engine":"r","label":"unnamed-chunk-81"},"document_id":"CA1082AF","chunk_id":"cd1lumfs4jary","chunk_label":"unnamed-chunk-11"},{"row":188,"row_count":1,"visible":true,"expansion_state":0,"options":{"engine":"r","label":"unnamed-chunk-83"},"document_id":"CA1082AF","chunk_id":"ctere7em8ty5e","chunk_label":"unnamed-chunk-12"},{"row":201,"row_count":1,"visible":true,"expansion_state":0,"options":{"engine":"r","label":"unnamed-chunk-84"},"document_id":"CA1082AF","chunk_id":"cu72dvd4rznh4","chunk_label":"unnamed-chunk-13"},{"row":227,"row_count":1,"visible":true,"expansion_state":0,"options":{"engine":"r","label":"unnamed-chunk-85"},"document_id":"CA1082AF","chunk_id":"c8n0ae6wdaoec","chunk_label":"unnamed-chunk-14"},{"row":251,"row_count":1,"visible":true,"expansion_state":0,"options":{"engine":"r","label":"unnamed-chunk-86"},"document_id":"CA1082AF","chunk_id":"cpdxcdjexcsso","chunk_label":"unnamed-chunk-15"},{"row":264,"row_count":1,"visible":true,"expansion_state":0,"options":{"engine":"r","label":"unnamed-chunk-89"},"document_id":"CA1082AF","chunk_id":"cr36mk7xt6yse","chunk_label":"unnamed-chunk-16"},{"row":271,"row_count":1,"visible":true,"expansion_state":0,"options":{"engine":"r","label":"unnamed-chunk-95"},"document_id":"CA1082AF","chunk_id":"cbfmh68yvpf13","chunk_label":"unnamed-chunk-17"},{"row":295,"row_count":1,"visible":true,"expansion_state":0,"options":{"engine":"r","label":"unnamed-chunk-99"},"document_id":"CA1082AF","chunk_id":"cxa3ukudpdl6b","chunk_label":"unnamed-chunk-18"},{"row":300,"row_count":1,"visible":true,"expansion_state":0,"options":{"engine":"r","label":"unnamed-chunk-6"},"document_id":"CA1082AF","chunk_id":"cls8t1ajqjhjk","chunk_label":"unnamed-chunk-19"},{"row":310,"row_count":1,"visible":true,"expansion_state":0,"options":{"engine":"r","label":"unnamed-chunk-8"},"document_id":"CA1082AF","chunk_id":"cpe3ohllzn1qy","chunk_label":"unnamed-chunk-20"},{"row":318,"row_count":1,"visible":true,"expansion_state":0,"options":{"engine":"r","label":"unnamed-chunk-11"},"document_id":"CA1082AF","chunk_id":"ckex82lg6skdt","chunk_label":"unnamed-chunk-21"}],"doc_write_time":1702592692,"chunk_rendered_width":596}