{"chunk_definitions":[{"row":16,"row_count":1,"visible":true,"expansion_state":0,"options":{"engine":"r","label":"unnamed-chunk-1"},"document_id":"CA1082AF","chunk_id":"crd7fk1qlpi3y","chunk_label":"unnamed-chunk-1"},{"row":22,"row_count":1,"visible":true,"expansion_state":0,"options":{"engine":"r","label":"unnamed-chunk-2"},"document_id":"CA1082AF","chunk_id":"cr7j1dqzgjsks","chunk_label":"unnamed-chunk-2"},{"row":32,"row_count":1,"visible":true,"expansion_state":0,"options":{"engine":"r","label":"unnamed-chunk-3"},"document_id":"CA1082AF","chunk_id":"cnx7nkz1ws0bc","chunk_label":"unnamed-chunk-3"},{"row":39,"row_count":1,"visible":true,"expansion_state":0,"options":{"engine":"r","label":"unnamed-chunk-4"},"document_id":"CA1082AF","chunk_id":"cze1pwifl0qj2","chunk_label":"unnamed-chunk-4"},{"row":52,"row_count":1,"visible":true,"expansion_state":0,"options":{"engine":"r","label":"unnamed-chunk-5"},"document_id":"CA1082AF","chunk_id":"ci4hmsowg97g9","chunk_label":"unnamed-chunk-5"},{"row":64,"row_count":1,"visible":true,"expansion_state":0,"options":{"engine":"r","label":"unnamed-chunk-6"},"document_id":"CA1082AF","chunk_id":"cw8wwduae09lj","chunk_label":"unnamed-chunk-6"},{"row":71,"row_count":1,"visible":true,"expansion_state":0,"options":{"engine":"r","label":"unnamed-chunk-7"},"document_id":"CA1082AF","chunk_id":"ca0ch1d3vgw2d","chunk_label":"unnamed-chunk-7"},{"row":79,"row_count":1,"visible":true,"expansion_state":0,"options":{"engine":"r","label":"unnamed-chunk-13"},"document_id":"CA1082AF","chunk_id":"c0kv9dzxffb8h","chunk_label":"unnamed-chunk-8"},{"row":95,"row_count":1,"visible":true,"expansion_state":0,"options":{"engine":"r","label":"unnamed-chunk-1"},"document_id":"CA1082AF","chunk_id":"c1qy81oa0uwm4","chunk_label":"unnamed-chunk-9"},{"row":130,"row_count":1,"visible":true,"expansion_state":0,"options":{"engine":"r","label":"unnamed-chunk-1"},"document_id":"CA1082AF","chunk_id":"c2pz7vl1x002r","chunk_label":"unnamed-chunk-10"},{"row":153,"row_count":1,"visible":true,"expansion_state":0,"options":{"engine":"r","label":"unnamed-chunk-1"},"document_id":"CA1082AF","chunk_id":"cmxbllslpux6q","chunk_label":"unnamed-chunk-11"},{"row":185,"row_count":1,"visible":true,"expansion_state":0,"options":{"engine":"r","label":"unnamed-chunk-2"},"document_id":"CA1082AF","chunk_id":"cl3cqlbtps1hx","chunk_label":"unnamed-chunk-12"},{"row":198,"row_count":1,"visible":true,"expansion_state":0,"options":{"engine":"r","label":"unnamed-chunk-1"},"document_id":"CA1082AF","chunk_id":"c7h9o05mxxua9","chunk_label":"unnamed-chunk-13"},{"row":224,"row_count":1,"visible":true,"expansion_state":0,"options":{"engine":"r","label":"unnamed-chunk-1"},"document_id":"CA1082AF","chunk_id":"c5fcilz5oxxio","chunk_label":"unnamed-chunk-14"},{"row":248,"row_count":1,"visible":true,"expansion_state":0,"options":{"engine":"r","label":"unnamed-chunk-2"},"document_id":"CA1082AF","chunk_id":"c9wt34g7z7wfx","chunk_label":"unnamed-chunk-15"}],"doc_write_time":1701400349}