"0","df_by_rating <- df %>% group_by(rating) %>% "
"0","  summarise(count = n())"
"0",""
"0","plot_ly(df_by_rating, type = 'pie',"
"0","        labels = ~rating, values = ~count) %>% "
"0","  layout(xaxis = list(showgrid = F, zeroline = F, showticklabels = F),"
"0","         yaxis = list(showgrid = F, zeroline = F, showticklabels = F),"
"0","         title = ""Үнэлгээгээр агуулгын хуваарилалт"", margin = list(t = 54),"
"0","         legend = list(x = 100, y = 0.5))"
