"0","```r
content_by_type <- df %>% group_by(type) %>% 
  summarise(count = n())

plot_ly(content_by_type, labels = ~type, values = ~count, 
        type = 'pie', marker = list(colors = c(\"#bd3939\", \"#399ba3\"))) %>% 
  layout(xaxis = list(showgrid = F, zeroline = F, showticklabels = F),
         yaxis = list(showgrid = F, zeroline = F, showticklabels = F),
         title = \"Агуулгын төрлөөр эзлэх хувь\", margin = list(t = 54),
         legend = list(x = 100, y = 0.5))
```"
