"0","```r

mov_duration_cntry <- na.omit(df[df$type == \"Movie\",][,c(\"country\", \"duration\")])

s_dur <- strsplit(mov_duration_cntry$country, split = \", \")
duration_full <- data.frame(duration = rep(mov_duration_cntry$duration,
                                           sapply(s_dur, length)),
                            country = unlist(s_dur))
duration_full$duration <- as.numeric(gsub(\" min\",\"\", duration_full$duration))

duration_full_subset <- duration_full[duration_full$country %in% 
                                        c(\"United States\", \"India\", \"United Kingdom\",
                                          \"Canada\", \"France\", \"Japan\", \"Spain\", \"South Korea\",
                                          \"Mexico\", \"Australia\", \"China\", \"Taiwan\"),]

plot_ly(duration_full_subset, y = ~duration, color = ~country, type = \"box\") %>% 
  layout(xaxis = list(title = \"Улс\"), 
         yaxis = list(title = 'Хугацаа (минутаар)'),
         title = \"Шилдэг 12 орны киноны үргэлжлэх хугацаа\", margin = list(t = 54),
         legend = list(x = 100, y = 0.5))
```"
"1","Warning: n too large, allowed maximum for palette Set2 is 8
Returning the palette you asked for with that many colors
Warning: n too large, allowed maximum for palette Set2 is 8
Returning the palette you asked for with that many colors
Warning: n too large, allowed maximum for palette Set2 is 8
Returning the palette you asked for with that many colors
Warning: n too large, allowed maximum for palette Set2 is 8
Returning the palette you asked for with that many colors
"
