[{"name":"htmlwidgets","version":"1.6.3","src":{"file":"www"},"meta":null,"script":"htmlwidgets.js","stylesheet":null,"head":null,"attachment":null,"package":"htmlwidgets","all_files":true},{"name":"plotly-binding","version":"4.10.3","src":{"file":"htmlwidgets"},"meta":null,"script":"plotly.js","stylesheet":null,"head":null,"attachment":null,"package":"plotly","all_files":false},{"name":"typedarray","version":"0.1","src":{"file":"htmlwidgets\/lib\/typedarray"},"meta":null,"script":"typedarray.min.js","stylesheet":null,"head":null,"attachment":null,"package":"plotly","all_files":false},{"name":"jquery","version":"3.5.1","src":{"file":"lib\/jquery"},"meta":null,"script":"jquery.min.js","stylesheet":null,"head":null,"attachment":null,"package":"crosstalk","all_files":true},{"name":"crosstalk","version":"1.2.1","src":{"file":"www"},"meta":null,"script":"js\/crosstalk.min.js","stylesheet":"css\/crosstalk.min.css","head":null,"attachment":null,"package":"crosstalk","all_files":true},{"name":"plotly-htmlwidgets-css","version":"2.11.1","src":{"file":"htmlwidgets\/lib\/plotlyjs"},"meta":null,"script":null,"stylesheet":"plotly-htmlwidgets.css","head":null,"attachment":null,"package":"plotly","all_files":false},{"name":"plotly-main","version":"2.11.1","src":{"file":"htmlwidgets\/lib\/plotlyjs"},"meta":null,"script":"plotly-latest.min.js","stylesheet":null,"head":null,"attachment":null,"package":"plotly","all_files":false}]
