"0","content_by_type <- df %>% group_by(type) %>% "
"0","  summarise(count = n())"
"0",""
"0","plot_ly(content_by_type, labels = ~type, values = ~count, "
"0","        type = 'pie', marker = list(colors = c(""#bd3939"", ""#399ba3""))) %>% "
"0","  layout(xaxis = list(showgrid = F, zeroline = F, showticklabels = F),"
"0","         yaxis = list(showgrid = F, zeroline = F, showticklabels = F),"
"0","         title = ""Агуулгын төрлөөр эзлэх хувь"", margin = list(t = 54),"
"0","         legend = list(x = 100, y = 0.5))"
