"0","df_by_date_full <- df %>% group_by(date_added) %>% "
"0","  summarise(added_today = n()) %>% "
"0","  mutate(total_number_of_content = cumsum(added_today), type = ""Total"")"
"0",""
"0","df_by_date <- df %>% group_by(date_added, type) %>% "
"0","  summarise(added_today = n()) %>% "
"0","  ungroup() %>% "
"0","  group_by(type) %>%"
"0","  mutate(total_number_of_content = cumsum(added_today))"
"2","`summarise()` has grouped output by 'date_added'. You can override using the `.groups` argument."
"0","full_data <- rbind(as.data.frame(df_by_date_full), as.data.frame(df_by_date))"
"0",""
"0","plot_ly(full_data, x = ~date_added, y = ~total_number_of_content, "
"0","        mode = 'lines', type = 'scatter',"
"0","        color = ~type, colors = c(""#bd3939"",  ""#9addbd"", ""#399ba3"")) %>% "
"0","  layout(yaxis = list(title = 'Тоо'), "
"0","         xaxis = list(title = 'он'), "
"0","         title = ""Жилийн болгоны агуулгын өсөлт"", margin = list(t = 54),"
"0","         legend = list(x = 100, y = 0.5))"
